Mots utilisé par les professionnels du BTP,Synonyme
Béton,Beton
coffrage,Banche
ferraillage,Armature
fondations,Assise structurelle
radier,Dalle de fondation
dalle,"dalle béton, dalle pleine"
plancher,Surface porteuse
poutre,Élément horizontal porteur
poteau,Élément vertical porteur
linteau,Traverse 
charpente,Structure de toiture
ossature,Structure porteuse
bardage,Parement extérieur
maçonnerie,Ouvrage en matériaux maçonnés
parpaing,Bloc béton creux
brique,Bloc terre cuite
enduit,Revêtement mural
ragréage,mortier de ragréage
chape,Couche de nivellement
carrelage,Revêtement de sol
faïence,Carrelage mural
plâtre,Enduit plâtreux
cloison,Paroi légère
doublage,Contre-cloison isolante
faux-plafond,Plafond suspendu
étanchéité,Barrière à l’humidité
membrane,Feuille imperméable
étanchéité à l’air,Barrière à l’infiltration d’air
isolant,Matériau isolant
isolation thermique,Protection thermique
laine de verre,Isolant minéral
laine de roche,Isolant incombustible
ouate de cellulose,Isolant biosourcé
ITE (isolation thermique par l’extérieur),Isolation par l’extérieur
ITI (isolation thermique intérieure),Isolation par l’intérieur
VMC,Ventilation Mécanique Contrôlée.
gaines,Conduits techniques
ventilation,Circulation d’air
désenfumage,Extraction de fumée
réseau électrique,Installation électrique
câblage,Réseau de fils électriques
GTB,Gestion Technique du Bâtiment
plomberie,Réseau sanitaire
évacuation EU/EP,Rejet des eaux usées/pluviales
multicouche,Tuyauterie composite
PER,Polyéthylène réticulé
ballon,Réservoir d’eau chaude
cumulus,Chauffe-eau électrique
chauffage,Système thermique
PAC (pompe à chaleur),Système thermodynamique
chaudière,Générateur thermique
radiateur,Émetteur de chaleur
plancher chauffant,Sol rayonnant
menuiserie,Ouvrage bois/alu/PVC
huisserie,Encadrement de porte ou fenêtre
fenêtre,Ouverture vitrée
double vitrage,Vitrage isolant
porte coupe-feu,Bloc-porte CF
serrurerie,Ferronnerie bâtiment
garde-corps,Barrière de sécurité
escalier,Structure de circulation verticale
revêtement,Finition de surface
peinture,Couche décorative
lasure,Protection bois microporeuse
vernis,Finition protectrice brillante
parquet,Plancher en bois
lino,Sol pvc
PVC,Revêtement plastique
moquette,Tapis textile
carrelage grès cérame,Dalle céramique technique
faïence murale,Revêtement mural émaillé
,
DCE (dossier de consultation des entreprises),Dossier d’appel d’offres
CCTP,Cahier des Clauses Techniques Particulières
CCAP,Cahier des Clauses Administratives Particulières.
plans,Documents graphiques
DOE (dossier des ouvrages exécutés),Dossier de fin de chantier
planning,Calendrier d’exécution
coordination,Gestion des interfaces
maîtrise d’œuvre,MOE
maîtrise d’ouvrage,MOA
OPC (ordonnancement pilotage coordination),Pilotage – Coordination (OPC)
réunion de chantier,Réunion de suivi des travaux
compte-rendu,Synthèse de réunion
PV de réception,Procès-verbal de fin de chantier
levée de réserves,Suppression des non-conformités
réserve,Défaut ou anomalie à corriger
sous-traitance,Exécution externalisée
lot,
appel d’offres,AO
"marché, marché public",Contrat 
devis,"Proposition tarifaire, chiffrage"
métrés,Quantitatif des ouvrages
BPU,Bordereau des Prix Unitaires
DPGF,Décomposition du Prix Global et Forfaitaire
attestation,Document justificatif
certificat de conformité,Validation technique ou administrative
visite technique,Relevé sur site
Gros œuvre,"Travaux de structure, Travaux de génie civil"
Second œuvre,Travaux d’aménagement
phase finition,Travaux de finition
réception,Validation des ouvrages
livraison,Remise du chantier
,
norme,Référence technique
DTU,Document Technique Unifié 
réglementation thermique,Exigences énergétiques
RE2020,Réglementation environnementale 2020
accessibilité PMR,Conformité handicap
sécurité incendie,Protection contre le feu
IGH,Immeuble grande hauteur
ERP,Établissement recevant du public
contrôle technique,Inspection réglementaire
bureau de contrôle,BC
SPS (coordonnateur sécurité protection santé),Coordinateur prévention risques
EPI (équipements de protection individuelle),Équipement de sécurité individuelle
signalisation,Marquage de sécurité
balisage,Délimitation chantier
barrière Heras,"clôture Heras, cloture de chantier, cloture provisoire, cloture amovible"
permis de construire,Autorisation d’urbanisme
déclaration préalable,Dossier simplifié d’urbanisme
permis de construire, déclaration préalable de travaux
,
estimation,Évaluation prévisionnelle des coûts
enveloppe budgétaire,Budget alloué
facture,Demande de paiement
situation de travaux,Facturation partielle liée à l’avancement
acompte,Paiement anticipé
retenue de garantie,Réserve contractuelle
pénalité de retard,Sanction financière pour dépassement de délai
prix unitaire,Coût par quantité
prix forfaitaire,Montant global fixe
avenant,Modification contractuelle
moins-value,Réduction du montant initial
plus-value,Augmentation du coût prévu
TVA,Taxe sur la valeur ajoutée
CEE (certificats d’économie d’énergie),Aide à la rénovation énergétique
subvention,Financement public partiel
financement,Modalité de paiement
amortissement,Répartition comptable dans le temps
,
béton désactivé,Béton décoratif à granulats apparents
béton armé,Béton renforcé par armatures
béton fibré,Béton renforcé par fibres synthétiques/métalliques
béton autoplaçant,Béton fluide autonivelant
adjuvant,Additif chimique pour béton
ciment,Liant hydraulique
chaux,Liant naturel
sable,Granulat fin
gravier,Granulat grossier
granulats,Agrégats pour béton ou mortier
mortier,Mélange ciment/sable/eau
colle carrelage,Mortier-colle
résine,Liant synthétique
bitume,Liant hydrocarboné
enrobé,Revêtement routier à base de bitume
acier,Métal d’armature ou de structure
aluminium,Métal léger et anticorrosion
zinc,Métal de couverture
cuivre,Métal conducteur ou de zinguerie
inox,Acier inoxydable
PVC,Polychlorure de vinyle
PEHD,Polyéthylène haute densité
polyuréthane,Isolant synthétique
placo,Plaque de plâtre
BA13,Placo standard 13 mm
Fermacell,Plaque fibre-gypse
bois massif,Bois naturel non transformé
bois lamellé-collé,Bois reconstitué en lamelles collées
OSB,Panneau de particules orientées
MDF,Panneau de fibres de bois
contreplaqué,Panneau multiplis
MDF,Habillage mural ou plafond
lambris,Parement intérieur bois
bardage bois,Revêtement extérieur en bois
bardage composite,Étanchéité synthétique caoutchouc
membrane EPDM,Film anti-condensation
pare-vapeur,Protection sous bardage
pare-pluie,Écran pare-pluie respirant
polystyrène,Isolant rigide haute performance
polyisocyanurate,Panneau isolant rigide PIR
mousse projetée,Peinture polyuréthane projeté
peinture glycéro,Peinture à base d’eau
peinture acrylique,Finition pour murs/plafonds
enduit de lissage,Enduit façade tout-en-un
enduit monocouche,Enduit monocouche façade
lasure bois,Finition bois haute résistance
vernis marin,Vernis marin polyuréthane
,
bétonnière,Malaxeur de béton
laser rotatif,Niveau laser automatique
télémètre,Mesureur laser
échafaudage,Structure de travail en hauteur
nacelle,Plateforme élévatrice
grue,Appareil de levage
pelle hydraulique,Engin de terrassement
mini-pelle,Pelle compacte
dumper,Tombereau de chantier
chargeuse,Engin de chargement
compacteur,Rouleau vibrant
plaque vibrante,Dameuse portative
marteau-piqueur,Brise-béton électroportatif
perforateur,Perceuse à percussion
visseuse,Tournevis électrique
disqueuse,Meuleuse à disque
meuleuse,Meule rotative
ponceuse,Machine de ponçage
scie circulaire,Scie électrique à lame ronde
scie sabre,Scie alternative
cutter,Couteau à lame rétractable
mètre,Ruban gradué
niveau,Niveau à bulle
règle alu,Règle de maçon
spatule,Lame souple de lissage
truelle,Outil de maçon pour appliquer le mortier
taloche,Outil de finition d’enduit
rouleau,Applicateur de peinture
pinceau,Brosse fine pour peinture
seau de maçon,Récipient de transport
auge,auge de maçon
bac à peinture,Seau de peinture
,
chef de chantier,Responsable de chantier
conducteur de travaux,Pilote d’opération / Coordinateur de travaux
maçon,Ouvrier en construction traditionnelle
grutier,Opérateur de grue
ferrailleur,Poseur d’armatures métalliques
coffreur,Coffreur/maçon
plaquiste,Poseur de cloisons sèches
carreleur,Poseur de revêtements céramiques
électricien,Installateur de réseaux électriques
plombier,Installateur sanitaire
chauffagiste,Technicien en systèmes thermiques
peintre,Applicateur de finitions murales
façadier,Spécialiste des revêtements extérieurs
couvreur,Poseur de toiture
étancheur,Poseur de membranes d’étanchéité
charpentier,Constructeur de structures bois
menuisier,Fabricant/poseur d’éléments boisés
serrurier,Métallier du bâtiment
métreur,Technicien en quantitatif / économiste de métré
économiste,Économiste de la construction
maître d’œuvre,Responsable technique de projet
architecte,Concepteur et coordinateur de projet
coordinateur SPS,Responsable Sécurité & Protection de la Santé
bureau d'études,Cellule technique de conception / calcul
géomètre,Technicien topographe
diagnostiqueur,Expert en pathologie du bâtiment
contrôleur technique,Inspecteur technique habilité
assistant à maîtrise d’ouvrage (AMO),Accompagnateur du maître d’ouvrage
responsable QSE,Responsable qualité sécurité environnement
,
permis de démolir,Autorisation de démolition
état des lieux,Relevé initial du bâtiment
diagnostic amiante,Repérage des matériaux amiantés
repérage plomb,Détection de plomb dans les revêtements
repérage termites,Inspection parasitaire
plan de retrait,Procédure de désamiantage
plan de prévention,Mesures de sécurité inter-entreprises
PPSPS,Plan particulier de sécurité et de protection de la santé
DICT,Déclaration d’intention de commencement de travaux
constat huissier,PV d’huissier
DOC,Déclaration d’ouverture de chantier
attestation RT,attestation de prise en compte de la réglementation thermique
fiche technique produit,Spécification fabricant
PV de contrôle,Procès-verbal de vérification
fiche chantier,Dossier d'identité du chantier
tableau d’avancement,Planning d’exécution détaillé
budget prévisionnel,Plan de financement estimatif
rapport journalier,Relevé quotidien d’activités
main d’œuvre,Ressources humaines de chantier
déboursé sec,Coût direct hors marge
prix de revient,Coût réel total d’exécution
coût global,Somme des dépenses projet
planning ,Diagramme de phases / planning à barres / Délai 
GMAO,Gestion de maintenance assistée par ordinateur
,
fissuration,Ouverture structurelle / lézarde
efflorescence,Dépôt salin en surface / remontée de sels
soulèvement,Déformation ascendante / relèvement de dalle
humidité ascensionnelle,Remontée capillaire
infiltration,Pénétration d’eau parasite
condensation,Formation de vapeur en eau / humidité intérieure
pont thermique,Zone de déperdition thermique
décollement,Perte d’adhérence / désolidarisation de revêtement
moisissure,Champignon microscopique / colonie fongique
corrosion,Oxydation métallique
carbonatation,Réaction chimique du béton avec le CO₂
désaffleurement,Défaut d’alignement entre deux éléments
cloquage,Boursouflure de peinture / enduit
faïençage,Fissuration fine en réseau
éclatement,Rupture explosive de surface
retrait,Diminution de volume / séchage du béton
gonflement,Expansion volumique
affaissement,Enfoncement progressif / tassement
flèche,Déformation verticale d’un élément porteur
désolidarisation,Rupture de liaison mécanique
,
reprise en sous-œuvre,Renforcement de fondation existante
injection de résine,Consolidation par polymère expansif
micropieux,Pieux de faible diamètre pour reprise de charge
tirants d’ancrage,Barres de stabilisation en traction
chemisage,Gaine de renfort structurel
renfort structurel,Consolidation de portance
passivation,Traitement anticorrosion des aciers
sablage,Nettoyage par projection de sable
hydrogommage,Décapage par eau et abrasif fin
piquage,Démolition localisée d’enduit ou béton
rabotage,Usinage de surface bétonnée
ponçage béton,Lissage mécanique de surface
rabaissement de plancher,Abaissement de niveau fini
surélévation,Ajout d’un niveau ou rehaussement
désamiantage,Retrait de matériaux contenant de l’amiante
déplombage,Élimination de revêtements au plomb
traitement fongicide,Protection contre les champignons
traitement anti-termite,Protection contre les insectes xylophages
traitement hydrofuge,Imperméabilisation des matériaux poreux
,
audit énergétique,Diagnostic global de consommation
bilan thermique,Évaluation des déperditions et apports
étanchéité à l’air,Étanchéité à l’air (la perméabilité à l’air désigne la mesure inverse)
test Blower Door,Test d’infiltrométrie
perméabilité,Capacité à laisser passer l’air
déperdition,Perte de chaleur
déphasage thermique,Décalage de transmission de chaleur
inertie thermique,Capacité de stockage thermique
pont thermique,Zone de faiblesse thermique
isolant biosourcé,Matériau isolant d’origine naturelle
laine de bois,Isolant en fibre ligneuse
fibre de bois,Panneau isolant bois reconstitué
ouate de cellulose,Isolant issu de papier recyclé
liège expansé,Isolant naturel à base de liège
chanvre,Matériau isolant végétal
enduit terre,Revêtement naturel à base d’argile
peinture naturelle,Finition sans composés organiques volatils
panneau solaire,Capteur thermique ou photovoltaïque
photovoltaïque,Production d’électricité solaire
pompe à chaleur double service,Générateur thermique et sanitaire combiné
,
RT2012,Réglementation thermique 2012 (norme de référence avant RE2020)
RE2020,Réglementation environnementale 2020 (actuelle norme de construction)
HQE,Haute Qualité Environnementale (label de performance globale)
BREEAM,Méthode d’évaluation environnementale britannique
BBC rénovation,Bâtiment Basse Consommation rénovation
NF Habitat,Certification qualité logement de l’AFNOR
RGE,Reconnu Garant de l’Environnement (qualification entreprise)
QUALIBAT,Certification technique et administrative d’entreprise BTP
QUALIFELEC,Certification des installateurs électriques
QUALISOL,Qualification solaire thermique
QUALIPAC,Qualification des installateurs de pompes à chaleur
Consuel,Attestation de conformité électrique délivrée par le CONSUEL
DPE,Diagnostic de performance énergétique
FDES,Fiche de déclaration environnementale et sanitaire d’un produit
ACERMI,Association pour la Certification des Matériaux Isolants (certification des performances des isolants)
CEKAL,"Certification des vitrages isolants, feuilletés ou trempés"
CSTB,Centre scientifique et technique du bâtiment (référent technique national)
ATEx,Appréciation Technique d’Expérimentation
Avis Technique,Document officiel de validation d’une solution technique par le CSTB
,
copropriété,Immeuble à propriété partagée
syndic,Copropriété
assemblée générale,Assemblée générale des copropriétaires
autorisation de travaux,Accord préalable de la copropriété
servitude,Droit de passage ou de contrainte légale
mitoyenneté,Propriété partagée entre deux parties
cage d’escalier,Circulation verticale commune
hall d’immeuble,Entrée principale collective
gaine technique,Espace pour réseaux et canalisations
colonne montante,"Réseau vertical de distribution (eau, électricité…)"
réseaux encastrés,Câblage intégré dans murs/plafonds
goulotte,Cheminement de câbles apparent protégé
accessibilité,Conformité PMR / mobilité réduite
trémie,"Ouverture structurelle pour escalier, ascenseur, gaine"
passage de câbles,Réseau courant faible ou fort / cheminement technique
reprise de nez de dalle,Réfection de l’extrémité de dalle
seuil PMR,Seuil conforme aux normes d’accessibilité
garde-corps,Barrière de sécurité 
rampes d’accès,Rampe
contrôle d’accès,Dispositif de sécurisation des entrées
,
base vie,Installation de chantier/barraque de chantier/algeco
bungalow,Module de chantier préfabriqué
clôture de chantier,Barrière périphérique temporaire
portail coulissant,Portail coulissant de chantier
contrôle d’accès,Gestion des entrées par badge ou code
badge ou digicode,Digicode (dispositif de contrôle d’accès)
plan de circulation,Organisation des déplacements sur site
flux chantier,"Mouvement des personnes, engins et matériaux"
plan de repli,Organisation du démontage des installations
rotation des bennes,Fréquence d’évacuation des déchets
benne ,Conteneur de déchets standard chantier
big bag,Sac souple pour gravats ou vrac
stock tampon,Zone intermédiaire de stockage
phasage,Découpage des travaux par étapes
planning TCE,Calendrier tous corps d’état
livraison cadencée,Approvisionnement organisé et séquencé
point d'eau chantier,Raccordement temporaire à l’eau
alimentation provisoire,Raccord électrique temporaire
branchement EDF chantier,Branchement provisoire
coffret chantier,Tableau électrique temporaire
groupe électrogène,Source autonome de courant
horaire bruit,Période autorisée pour les nuisances sonores
arrêté municipal,Autorisation d’occupation ou de travaux en voirie
voirie occupée,Espace public temporairement neutralisé
emprise chantier,Surface totale utilisée par le chantier
stationnement gênant,Blocage des accès ou circulation
autorisation voirie,Accord administratif pour intervention en domaine public
plan de récolement,Plan tel que construit (as-built)
accès PMR temporaire,Itinéraire provisoire accessible aux personnes handicapées
coordination avec riverains,Gestion des échanges avec les habitants et voisins
